"id","created_at","name","has_test","alternate_url"
"68958894","2022-09-11T10:56:13+0300","Data Scientist в Сбер",false,"https://hh.ru/vacancy/68958894"
"68993868","2022-09-11T13:26:04+0300","Data Scientist",false,"https://hh.ru/vacancy/68993868"
"69689733","2022-09-12T06:47:59+0300","Главный эксперт по анализу данных (data analyst/data scientist/аналитик данных)",false,"https://hh.ru/vacancy/69689733"
"69694041","2022-09-12T08:50:05+0300","Data scientist",false,"https://hh.ru/vacancy/69694041"
"69712595","2022-09-12T13:07:34+0300","Team lead Data Scientist",false,"https://hh.ru/vacancy/69712595"
"69713433","2022-09-12T13:20:00+0300","Middle Data Scientist",false,"https://hh.ru/vacancy/69713433"
"69713862","2022-09-12T13:24:11+0300","Senior Data Scientist",false,"https://hh.ru/vacancy/69713862"
"69175957","2022-09-12T13:51:57+0300","Data Scientist",false,"https://hh.ru/vacancy/69175957"
"69724262","2022-09-12T15:51:54+0300","Data scientist",false,"https://hh.ru/vacancy/69724262"
"69542861","2022-09-12T17:13:44+0300","Data scientist/Phyton Developer",false,"https://hh.ru/vacancy/69542861"
"68979451","2022-09-12T17:55:34+0300","Data Scientist",false,"https://hh.ru/vacancy/68979451"
"69674055","2022-09-12T19:03:42+0300","Data Engineer (Data Scientist)",false,"https://hh.ru/vacancy/69674055"
"67786829","2022-09-12T19:11:50+0300","Senior Data Scientist (Core Product)",false,"https://hh.ru/vacancy/67786829"
"68981446","2022-09-12T20:16:57+0300","Data Scientist (Computer Vision) - Junior",false,"https://hh.ru/vacancy/68981446"
"69374505","2022-09-13T12:44:42+0300","Middle+ Data scientist / ML разработчик.",false,"https://hh.ru/vacancy/69374505"
"69197357","2022-09-13T14:55:33+0300","Data scientist / Аналитик",false,"https://hh.ru/vacancy/69197357"
"69383038","2022-09-13T15:26:10+0300","Программист Python/Data Scientist (junior / middle)",false,"https://hh.ru/vacancy/69383038"
"69216429","2022-09-13T15:58:32+0300","Data Scientist (NLP, СV)",false,"https://hh.ru/vacancy/69216429"
"69763959","2022-09-13T17:07:15+0300","Data scientist (Data Office)",false,"https://hh.ru/vacancy/69763959"
"69778111","2022-09-13T19:08:46+0300","Data scientist",false,"https://hh.ru/vacancy/69778111"
